-- ═══════════════════════════════════════════════════════════
-- DEMO SEED DATA — Portfolio clone (English names)
-- Same UUIDs / rooms / payments as production seed, names anonymized.
-- Run AFTER schema.sql, BEFORE seed_payments.sql.
-- Property names are DEMO placeholders (rename in the UI/settings as you go).
-- ═══════════════════════════════════════════════════════════

-- ── PROPERTIES (demo names) ──
INSERT INTO properties (id, name, location, color_accent) VALUES
  ('a1000000-0000-0000-0000-000000000001', 'Maple Court',    'Riverside', '#22D3EE'),
  ('a1000000-0000-0000-0000-000000000002', 'Oakwood',        'Riverside', '#A78BFA'),
  ('a1000000-0000-0000-0000-000000000003', 'Birchgate',      'Riverside', '#F59E0B'),
  ('a1000000-0000-0000-0000-000000000004', 'Cedar House',    'Riverside', '#FB7185')
ON CONFLICT (id) DO NOTHING;

-- ═══════════════════════════════════════════════════════════
-- MAPLE COURT ROOMS
-- ═══════════════════════════════════════════════════════════
INSERT INTO rooms (id, property_id, room_number, bed_capacity, rent_per_bed, notes) VALUES
  ('b1000000-0001-0000-0000-000000000001','a1000000-0000-0000-0000-000000000001','Room 1',4,110.00,NULL),
  ('b1000000-0001-0000-0000-000000000002','a1000000-0000-0000-0000-000000000001','Room 2',2,150.00,NULL),
  ('b1000000-0001-0000-0000-000000000003','a1000000-0000-0000-0000-000000000001','Room 3',2,130.00,'Over-capacity: 3 students in 2-bed room'),
  ('b1000000-0001-0000-0000-000000000004','a1000000-0000-0000-0000-000000000001','Room 4',2,150.00,NULL),
  ('b1000000-0001-0000-0000-000000000005','a1000000-0000-0000-0000-000000000001','Room 5',2,150.00,NULL),
  ('b1000000-0001-0000-0000-000000000006','a1000000-0000-0000-0000-000000000001','Room 6',2,150.00,NULL),
  ('b1000000-0001-0000-0000-000000000007','a1000000-0000-0000-0000-000000000001','Room 7',2,150.00,NULL),
  ('b1000000-0001-0000-0000-000000000008','a1000000-0000-0000-0000-000000000001','Room 8',3,130.00,NULL),
  ('b1000000-0001-0000-0000-000000000009','a1000000-0000-0000-0000-000000000001','Room 9',4,110.00,NULL),
  ('b1000000-0001-0000-0000-000000000010','a1000000-0000-0000-0000-000000000001','Room 10',4,110.00,NULL),
  ('b1000000-0001-0000-0000-000000000011','a1000000-0000-0000-0000-000000000001','Room 11',1,180.00,NULL),
  ('b1000000-0001-0000-0000-000000000012','a1000000-0000-0000-0000-000000000001','Room 12',3,130.00,NULL),
  ('b1000000-0001-0000-0000-000000000013','a1000000-0000-0000-0000-000000000001','Room 13',3,130.00,NULL),
  ('b1000000-0001-0000-0000-000000000014','a1000000-0000-0000-0000-000000000001','Room 14',2,150.00,NULL),
  ('b1000000-0001-0000-0000-000000000015','a1000000-0000-0000-0000-000000000001','Room 15',2,150.00,NULL),
  ('b1000000-0001-0000-0000-000000000016','a1000000-0000-0000-0000-000000000001','Room 16',2,150.00,NULL),
  ('b1000000-0001-0000-0000-000000000017','a1000000-0000-0000-0000-000000000001','Room 17',2,150.00,NULL),
  ('b1000000-0001-0000-0000-000000000018','a1000000-0000-0000-0000-000000000001','Room 18',5,110.00,NULL),
  ('b1000000-0001-0000-0000-000000000019','a1000000-0000-0000-0000-000000000001','Room 19',1,300.00,NULL),
  ('b1000000-0001-0000-0000-000000000020','a1000000-0000-0000-0000-000000000001','Room 20',1,360.00,NULL),
  ('b1000000-0001-0000-0000-000000000021','a1000000-0000-0000-0000-000000000001','Room 21',1,180.00,NULL)
ON CONFLICT (id) DO NOTHING;

-- ── MAPLE COURT STUDENTS ──
INSERT INTO students (id, full_name, room_id, check_in_date, status, notes, data_flags) VALUES
  -- Room 1
  ('c1000001-0000-0000-0000-000000000001','James Carter','b1000000-0001-0000-0000-000000000001',NULL,'ACTIVE',NULL,NULL),
  ('c1000001-0000-0000-0000-000000000002','Emily Brooks','b1000000-0001-0000-0000-000000000001',NULL,'ACTIVE',NULL,NULL),
  ('c1000001-0000-0000-0000-000000000003','Daniel Okafor','b1000000-0001-0000-0000-000000000001',NULL,'ACTIVE',NULL,NULL),
  ('c1000001-0000-0000-0000-000000000004','Chloe Bennett','b1000000-0001-0000-0000-000000000001',NULL,'ACTIVE',NULL,NULL),
  -- Room 2
  ('c1000001-0000-0000-0000-000000000005','Priya Sharma','b1000000-0001-0000-0000-000000000002',NULL,'ACTIVE',NULL,NULL),
  ('c1000001-0000-0000-0000-000000000006','Megan Lawson','b1000000-0001-0000-0000-000000000002',NULL,'ACTIVE',NULL,NULL),
  -- Room 3 (3 students in 2-bed)
  ('c1000001-0000-0000-0000-000000000007','Grace Adeyemi','b1000000-0001-0000-0000-000000000003',NULL,'ACTIVE',NULL,'OVER_CAPACITY'),
  ('c1000001-0000-0000-0000-000000000008','Hannah Reid','b1000000-0001-0000-0000-000000000003',NULL,'ACTIVE',NULL,'OVER_CAPACITY'),
  ('c1000001-0000-0000-0000-000000000009','Sophia Mensah','b1000000-0001-0000-0000-000000000003',NULL,'ACTIVE',NULL,'OVER_CAPACITY'),
  -- Room 4
  ('c1000001-0000-0000-0000-000000000010','Olivia Walsh','b1000000-0001-0000-0000-000000000004',NULL,'ACTIVE',NULL,NULL),
  ('c1000001-0000-0000-0000-000000000011','Tariq Hassan','b1000000-0001-0000-0000-000000000004',NULL,'ACTIVE','Replaces former tenant Fiona Doyle from Feb',NULL),
  -- Room 5 (2 beds, 2 students)
  ('c1000001-0000-0000-0000-000000000012','Naomi Clarke','b1000000-0001-0000-0000-000000000005',NULL,'ACTIVE',NULL,NULL),
  ('c1000001-0000-0000-0000-000000000013','Maya Fernandez','b1000000-0001-0000-0000-000000000005',NULL,'ACTIVE',NULL,NULL),
  -- Room 6
  ('c1000001-0000-0000-0000-000000000014','Ruby Hayes','b1000000-0001-0000-0000-000000000006','2025-12-30','ACTIVE',NULL,NULL),
  ('c1000001-0000-0000-0000-000000000015','Laura Mitchell','b1000000-0001-0000-0000-000000000006',NULL,'ACTIVE','Moved from Room 5 per correction',NULL),
  -- Room 7 (anonymous payment)
  ('c1000001-0000-0000-0000-000000000016','Vivian Acheampong','b1000000-0001-0000-0000-000000000007',NULL,'ACTIVE',NULL,NULL),
  ('c1000001-0000-0000-0000-000000000017','Unassigned - MC-R7','b1000000-0001-0000-0000-000000000007',NULL,'ACTIVE','Anonymous payment recorded, identity unknown','ANONYMOUS_PLACEHOLDER'),
  -- Room 8 (3 beds)
  ('c1000001-0000-0000-0000-000000000018','Faith Adebayo','b1000000-0001-0000-0000-000000000008',NULL,'ACTIVE',NULL,NULL),
  ('c1000001-0000-0000-0000-000000000019','Isabel Romero','b1000000-0001-0000-0000-000000000008',NULL,'ACTIVE',NULL,NULL),
  ('c1000001-0000-0000-0000-000000000020','Chloe Daniels','b1000000-0001-0000-0000-000000000008',NULL,'ACTIVE',NULL,NULL),
  -- Room 9
  ('c1000001-0000-0000-0000-000000000021','Ashley Turner','b1000000-0001-0000-0000-000000000009',NULL,'ACTIVE',NULL,NULL),
  ('c1000001-0000-0000-0000-000000000022','Patricia Nwosu','b1000000-0001-0000-0000-000000000009',NULL,'ACTIVE',NULL,NULL),
  ('c1000001-0000-0000-0000-000000000023','Olivia Nyathi','b1000000-0001-0000-0000-000000000009',NULL,'ACTIVE','Paid $106 not $110','PARTIAL_UNDERPAYMENT'),
  ('c1000001-0000-0000-0000-000000000024','Tara Mensah','b1000000-0001-0000-0000-000000000009',NULL,'ACTIVE',NULL,NULL),
  -- Room 10
  ('c1000001-0000-0000-0000-000000000025','Simon Phillips','b1000000-0001-0000-0000-000000000010',NULL,'ACTIVE',NULL,NULL),
  ('c1000001-0000-0000-0000-000000000026','Unassigned - MC-R10','b1000000-0001-0000-0000-000000000010',NULL,'ACTIVE','Anonymous $110 payment','ANONYMOUS_PLACEHOLDER'),
  ('c1000001-0000-0000-0000-000000000027','Thandi Sibanda','b1000000-0001-0000-0000-000000000010',NULL,'ACTIVE',NULL,NULL),
  ('c1000001-0000-0000-0000-000000000028','Tessa Goodman','b1000000-0001-0000-0000-000000000010',NULL,'ACTIVE',NULL,NULL),
  -- Room 11 (1 bed)
  ('c1000001-0000-0000-0000-000000000029','Nathan Shaw','b1000000-0001-0000-0000-000000000011',NULL,'ACTIVE',NULL,NULL),
  -- Room 12 (3 beds)
  ('c1000001-0000-0000-0000-000000000030','Sandra Mwale','b1000000-0001-0000-0000-000000000012',NULL,'ACTIVE',NULL,NULL),
  ('c1000001-0000-0000-0000-000000000031','Jade Cooper','b1000000-0001-0000-0000-000000000012',NULL,'ACTIVE',NULL,NULL),
  ('c1000001-0000-0000-0000-000000000032','Unassigned - MC-R12','b1000000-0001-0000-0000-000000000012',NULL,'ACTIVE','Unnamed row with payment','ANONYMOUS_PLACEHOLDER'),
  -- Room 13
  ('c1000001-0000-0000-0000-000000000033','Trevor Banda','b1000000-0001-0000-0000-000000000013',NULL,'ACTIVE',NULL,NULL),
  ('c1000001-0000-0000-0000-000000000034','Rachel Owusu','b1000000-0001-0000-0000-000000000013',NULL,'ACTIVE',NULL,NULL),
  ('c1000001-0000-0000-0000-000000000035','Jennifer Stone','b1000000-0001-0000-0000-000000000013',NULL,'ACTIVE',NULL,NULL),
  -- Room 14
  ('c1000001-0000-0000-0000-000000000036','Faith Caldwell','b1000000-0001-0000-0000-000000000014',NULL,'ACTIVE',NULL,NULL),
  ('c1000001-0000-0000-0000-000000000037','Sasha Petrov','b1000000-0001-0000-0000-000000000014',NULL,'ACTIVE',NULL,NULL),
  -- Room 15
  ('c1000001-0000-0000-0000-000000000038','Teresa Mwangi','b1000000-0001-0000-0000-000000000015',NULL,'ACTIVE','Name corrected from earlier spelling',NULL),
  ('c1000001-0000-0000-0000-000000000039','Johan Kruger','b1000000-0001-0000-0000-000000000015',NULL,'ACTIVE',NULL,NULL),
  -- Room 16
  ('c1000001-0000-0000-0000-000000000040','Tony Mhango','b1000000-0001-0000-0000-000000000016',NULL,'ACTIVE',NULL,NULL),
  ('c1000001-0000-0000-0000-000000000041','Vivian Jenkins','b1000000-0001-0000-0000-000000000016',NULL,'ACTIVE','Replaces former tenant Teresa Mwangi',NULL),
  -- Room 17
  ('c1000001-0000-0000-0000-000000000042','Michaela Kane','b1000000-0001-0000-0000-000000000017',NULL,'ACTIVE',NULL,NULL),
  ('c1000001-0000-0000-0000-000000000043','Felicity Dube','b1000000-0001-0000-0000-000000000017',NULL,'ACTIVE','Moved from Room 4',NULL),
  -- Room 18
  ('c1000001-0000-0000-0000-000000000044','Tendai Moyo','b1000000-0001-0000-0000-000000000018',NULL,'ACTIVE',NULL,NULL),
  ('c1000001-0000-0000-0000-000000000045','Tanya Grant','b1000000-0001-0000-0000-000000000018',NULL,'ACTIVE',NULL,NULL),
  ('c1000001-0000-0000-0000-000000000046','Priscilla Owusu','b1000000-0001-0000-0000-000000000018',NULL,'ACTIVE',NULL,NULL),
  ('c1000001-0000-0000-0000-000000000047','Tasha Kennedy','b1000000-0001-0000-0000-000000000018',NULL,'ACTIVE',NULL,NULL),
  ('c1000001-0000-0000-0000-000000000048','Ivan Petrenko','b1000000-0001-0000-0000-000000000018',NULL,'ACTIVE','Date serial 31 invalid, stored null','INVALID_DATE'),
  -- Room 19
  ('c1000001-0000-0000-0000-000000000049','Pamela West','b1000000-0001-0000-0000-000000000019',NULL,'ACTIVE',NULL,NULL),
  -- Room 20
  ('c1000001-0000-0000-0000-000000000050','Robert Maposa','b1000000-0001-0000-0000-000000000020',NULL,'ACTIVE','Balance $180',NULL),
  -- Room 21
  ('c1000001-0000-0000-0000-000000000051','Kelly Chuma','b1000000-0001-0000-0000-000000000021',NULL,'ACTIVE',NULL,NULL)
ON CONFLICT (id) DO NOTHING;

-- ═══════════════════════════════════════════════════════════
-- OAKWOOD ROOMS
-- ═══════════════════════════════════════════════════════════
INSERT INTO rooms (id, property_id, room_number, bed_capacity, rent_per_bed, notes) VALUES
  ('b1000000-0002-0000-0000-000000000001','a1000000-0000-0000-0000-000000000002','Room 1',1,260.00,NULL),
  ('b1000000-0002-0000-0000-000000000002','a1000000-0000-0000-0000-000000000002','Room 2',2,130.00,NULL),
  ('b1000000-0002-0000-0000-000000000003','a1000000-0000-0000-0000-000000000002','Room 3',3,120.00,NULL),
  ('b1000000-0002-0000-0000-000000000004','a1000000-0000-0000-0000-000000000002','Room 4',2,130.00,NULL),
  ('b1000000-0002-0000-0000-000000000005','a1000000-0000-0000-0000-000000000002','Room 5',3,120.00,NULL),
  ('b1000000-0002-0000-0000-000000000006','a1000000-0000-0000-0000-000000000002','Room 6',4,100.00,NULL),
  ('b1000000-0002-0000-0000-000000000007','a1000000-0000-0000-0000-000000000002','Room 7',2,130.00,NULL),
  ('b1000000-0002-0000-0000-000000000008','a1000000-0000-0000-0000-000000000002','Room 8',2,130.00,NULL),
  ('b1000000-0002-0000-0000-000000000009','a1000000-0000-0000-0000-000000000002','Room 9',2,130.00,NULL),
  ('b1000000-0002-0000-0000-000000000010','a1000000-0000-0000-0000-000000000002','Room 10',2,130.00,NULL),
  ('b1000000-0002-0000-0000-000000000011','a1000000-0000-0000-0000-000000000002','Room 11',3,120.00,NULL),
  ('b1000000-0002-0000-0000-000000000012','a1000000-0000-0000-0000-000000000002','Room 12',3,120.00,NULL),
  ('b1000000-0002-0000-0000-000000000013','a1000000-0000-0000-0000-000000000002','Room 13',1,150.00,NULL)
ON CONFLICT (id) DO NOTHING;

-- ── OAKWOOD STUDENTS ──
INSERT INTO students (id, full_name, room_id, check_in_date, status, notes, data_flags) VALUES
  ('c1000002-0000-0000-0000-000000000001','Mr Thompson','b1000000-0002-0000-0000-000000000001',NULL,'ACTIVE',NULL,NULL),
  ('c1000002-0000-0000-0000-000000000002','Elizabeth Moore','b1000000-0002-0000-0000-000000000002',NULL,'ACTIVE',NULL,NULL),
  ('c1000002-0000-0000-0000-000000000003','Lorraine Chambers','b1000000-0002-0000-0000-000000000002',NULL,'ACTIVE',NULL,NULL),
  ('c1000002-0000-0000-0000-000000000004','Tessa Bell','b1000000-0002-0000-0000-000000000003',NULL,'ACTIVE','Replaces former tenant Lisa Cohen from Feb',NULL),
  ('c1000002-0000-0000-0000-000000000005','Rita Hlatshwayo','b1000000-0002-0000-0000-000000000003',NULL,'ACTIVE',NULL,NULL),
  ('c1000002-0000-0000-0000-000000000006','Ruth Chambers','b1000000-0002-0000-0000-000000000003',NULL,'ACTIVE',NULL,NULL),
  ('c1000002-0000-0000-0000-000000000007','Natasha Cole','b1000000-0002-0000-0000-000000000004',NULL,'ACTIVE',NULL,NULL),
  ('c1000002-0000-0000-0000-000000000008','Chelsea Meyer','b1000000-0002-0000-0000-000000000004',NULL,'ACTIVE',NULL,NULL),
  ('c1000002-0000-0000-0000-000000000009','Rufaro B','b1000000-0002-0000-0000-000000000005',NULL,'ACTIVE',NULL,NULL),
  ('c1000002-0000-0000-0000-000000000010','Kamau Mwangi','b1000000-0002-0000-0000-000000000005',NULL,'ACTIVE',NULL,NULL),
  ('c1000002-0000-0000-0000-000000000011','Talia Shaw','b1000000-0002-0000-0000-000000000005',NULL,'ACTIVE',NULL,NULL),
  ('c1000002-0000-0000-0000-000000000012','Connor Nichols','b1000000-0002-0000-0000-000000000006',NULL,'ACTIVE','New student',NULL),
  ('c1000002-0000-0000-0000-000000000013','Melissa Ward','b1000000-0002-0000-0000-000000000006',NULL,'ACTIVE',NULL,NULL),
  ('c1000002-0000-0000-0000-000000000014','Gavin Chari','b1000000-0002-0000-0000-000000000006',NULL,'ACTIVE',NULL,NULL),
  ('c1000002-0000-0000-0000-000000000015','Ruvarashe Ncube','b1000000-0002-0000-0000-000000000006',NULL,'ACTIVE',NULL,NULL),
  ('c1000002-0000-0000-0000-000000000016','Olivia Chen','b1000000-0002-0000-0000-000000000007',NULL,'ACTIVE',NULL,NULL),
  ('c1000002-0000-0000-0000-000000000017','Charity Mason','b1000000-0002-0000-0000-000000000007',NULL,'ACTIVE',NULL,NULL),
  ('c1000002-0000-0000-0000-000000000018','Nicole Chikwava','b1000000-0002-0000-0000-000000000008',NULL,'ACTIVE',NULL,NULL),
  ('c1000002-0000-0000-0000-000000000019','Trinity Sibanda','b1000000-0002-0000-0000-000000000008',NULL,'ACTIVE',NULL,NULL),
  ('c1000002-0000-0000-0000-000000000020','Ayan Mansoor','b1000000-0002-0000-0000-000000000009',NULL,'ACTIVE',NULL,NULL),
  ('c1000002-0000-0000-0000-000000000021','Amanda Dawson','b1000000-0002-0000-0000-000000000009',NULL,'ACTIVE',NULL,NULL),
  ('c1000002-0000-0000-0000-000000000022','Sharon Rivera','b1000000-0002-0000-0000-000000000010',NULL,'ACTIVE',NULL,NULL),
  ('c1000002-0000-0000-0000-000000000023','Reuben Langa','b1000000-0002-0000-0000-000000000010',NULL,'ACTIVE',NULL,NULL),
  ('c1000002-0000-0000-0000-000000000024','Fiona Khumalo','b1000000-0002-0000-0000-000000000011',NULL,'ACTIVE','New student',NULL),
  ('c1000002-0000-0000-0000-000000000025','Bianca Harris','b1000000-0002-0000-0000-000000000011',NULL,'ACTIVE',NULL,NULL),
  ('c1000002-0000-0000-0000-000000000026','Thando Phiri','b1000000-0002-0000-0000-000000000011',NULL,'ACTIVE',NULL,NULL),
  ('c1000002-0000-0000-0000-000000000027','Natalie Kemp','b1000000-0002-0000-0000-000000000012',NULL,'ACTIVE',NULL,NULL),
  ('c1000002-0000-0000-0000-000000000028','Leona Zhou','b1000000-0002-0000-0000-000000000012',NULL,'ACTIVE',NULL,NULL),
  ('c1000002-0000-0000-0000-000000000029','Natasha Jordan','b1000000-0002-0000-0000-000000000012',NULL,'ACTIVE',NULL,NULL),
  ('c1000002-0000-0000-0000-000000000030','Judith Katsande','b1000000-0002-0000-0000-000000000013',NULL,'ACTIVE',NULL,NULL)
ON CONFLICT (id) DO NOTHING;
