-- ═══════════════════════════════════════════════════════════
-- TREVIS SEED DATA — May 2026 (corrected)
-- Run AFTER schema.sql
-- ═══════════════════════════════════════════════════════════

-- ── PROPERTIES ──
INSERT INTO properties (id, name, location, color_accent) VALUES
  ('a1000000-0000-0000-0000-000000000001', 'King Fisher', 'Harare', '#22D3EE'),
  ('a1000000-0000-0000-0000-000000000002', 'The Chase',   'Harare', '#A78BFA'),
  ('a1000000-0000-0000-0000-000000000003', 'Madden',      'Harare', '#F59E0B'),
  ('a1000000-0000-0000-0000-000000000004', 'NEW HOUSE',   'Harare', '#FB7185');

-- ═══════════════════════════════════════════════════════════
-- KING FISHER ROOMS
-- ═══════════════════════════════════════════════════════════
INSERT INTO rooms (id, property_id, room_number, bed_capacity, rent_per_bed, notes) VALUES
  ('b1000000-0001-0000-0000-000000000001','a1000000-0000-0000-0000-000000000001','Room 1',4,110.00,NULL),
  ('b1000000-0001-0000-0000-000000000002','a1000000-0000-0000-0000-000000000001','Room 2',2,150.00,NULL),
  ('b1000000-0001-0000-0000-000000000003','a1000000-0000-0000-0000-000000000001','Room 3',2,130.00,'Over-capacity: 3 students in 2-bed room'),
  ('b1000000-0001-0000-0000-000000000004','a1000000-0000-0000-0000-000000000001','Room 4',2,150.00,NULL),
  ('b1000000-0001-0000-0000-000000000005','a1000000-0000-0000-0000-000000000001','Room 5',2,150.00,NULL),
  ('b1000000-0001-0000-0000-000000000006','a1000000-0000-0000-0000-000000000001','Room 6',2,150.00,NULL),
  ('b1000000-0001-0000-0000-000000000007','a1000000-0000-0000-0000-000000000001','Room 7',2,150.00,NULL),
  ('b1000000-0001-0000-0000-000000000008','a1000000-0000-0000-0000-000000000001','Room 8',3,130.00,NULL),
  ('b1000000-0001-0000-0000-000000000009','a1000000-0000-0000-0000-000000000001','Room 9',4,110.00,NULL),
  ('b1000000-0001-0000-0000-000000000010','a1000000-0000-0000-0000-000000000001','Room 10',4,110.00,NULL),
  ('b1000000-0001-0000-0000-000000000011','a1000000-0000-0000-0000-000000000001','Room 11',1,180.00,NULL),
  ('b1000000-0001-0000-0000-000000000012','a1000000-0000-0000-0000-000000000001','Room 12',3,130.00,NULL),
  ('b1000000-0001-0000-0000-000000000013','a1000000-0000-0000-0000-000000000001','Room 13',3,130.00,NULL),
  ('b1000000-0001-0000-0000-000000000014','a1000000-0000-0000-0000-000000000001','Room 14',2,150.00,NULL),
  ('b1000000-0001-0000-0000-000000000015','a1000000-0000-0000-0000-000000000001','Room 15',2,150.00,NULL),
  ('b1000000-0001-0000-0000-000000000016','a1000000-0000-0000-0000-000000000001','Room 16',2,150.00,NULL),
  ('b1000000-0001-0000-0000-000000000017','a1000000-0000-0000-0000-000000000001','Room 17',2,150.00,NULL),
  ('b1000000-0001-0000-0000-000000000018','a1000000-0000-0000-0000-000000000001','Room 18',5,110.00,NULL),
  ('b1000000-0001-0000-0000-000000000019','a1000000-0000-0000-0000-000000000001','Room 19',1,300.00,NULL),
  ('b1000000-0001-0000-0000-000000000020','a1000000-0000-0000-0000-000000000001','Room 20',1,360.00,NULL),
  ('b1000000-0001-0000-0000-000000000021','a1000000-0000-0000-0000-000000000001','Room 21',1,180.00,NULL);

-- ── KING FISHER STUDENTS ──
INSERT INTO students (id, full_name, room_id, check_in_date, status, notes, data_flags) VALUES
  -- Room 1
  ('c1000001-0000-0000-0000-000000000001','Bethel Mudavanhu','b1000000-0001-0000-0000-000000000001',NULL,'ACTIVE',NULL,NULL),
  ('c1000001-0000-0000-0000-000000000002','Maitaishe Manatsa','b1000000-0001-0000-0000-000000000001',NULL,'ACTIVE',NULL,NULL),
  ('c1000001-0000-0000-0000-000000000003','Dephen Chakandinakira','b1000000-0001-0000-0000-000000000001',NULL,'ACTIVE',NULL,NULL),
  ('c1000001-0000-0000-0000-000000000004','Chengeto Kanyai','b1000000-0001-0000-0000-000000000001',NULL,'ACTIVE',NULL,NULL),
  -- Room 2
  ('c1000001-0000-0000-0000-000000000005','Patience Mhlanga','b1000000-0001-0000-0000-000000000002',NULL,'ACTIVE',NULL,NULL),
  ('c1000001-0000-0000-0000-000000000006','Maslyne Makurumidze','b1000000-0001-0000-0000-000000000002',NULL,'ACTIVE',NULL,NULL),
  -- Room 3 (3 students in 2-bed)
  ('c1000001-0000-0000-0000-000000000007','Memory Chigarisano','b1000000-0001-0000-0000-000000000003',NULL,'ACTIVE',NULL,'OVER_CAPACITY'),
  ('c1000001-0000-0000-0000-000000000008','Chantel Kuvawoga','b1000000-0001-0000-0000-000000000003',NULL,'ACTIVE',NULL,'OVER_CAPACITY'),
  ('c1000001-0000-0000-0000-000000000009','Rumbidzai Chipadza','b1000000-0001-0000-0000-000000000003',NULL,'ACTIVE',NULL,'OVER_CAPACITY'),
  -- Room 4 (Gamu replaces Felicity)
  ('c1000001-0000-0000-0000-000000000010','Lisa Mutenhure','b1000000-0001-0000-0000-000000000004',NULL,'ACTIVE',NULL,NULL),
  ('c1000001-0000-0000-0000-000000000011','Gamu Manyika','b1000000-0001-0000-0000-000000000004',NULL,'ACTIVE','Replaces Felicity Mazhavidze from Feb',NULL),
  -- Room 5 (2 beds, 2 students after correction)
  ('c1000001-0000-0000-0000-000000000012','Shamah Nyakanda','b1000000-0001-0000-0000-000000000005',NULL,'ACTIVE',NULL,NULL),
  ('c1000001-0000-0000-0000-000000000013','Makanaka Mhungu','b1000000-0001-0000-0000-000000000005',NULL,'ACTIVE',NULL,NULL),
  -- Room 6 (Rufaro + Loveness after correction)
  ('c1000001-0000-0000-0000-000000000014','Rufaro Zuze','b1000000-0001-0000-0000-000000000006','2025-12-30','ACTIVE',NULL,NULL),
  ('c1000001-0000-0000-0000-000000000015','Loveness Mutune','b1000000-0001-0000-0000-000000000006',NULL,'ACTIVE','Moved from Room 5 per correction',NULL),
  -- Room 7 (anonymous payment)
  ('c1000001-0000-0000-0000-000000000016','Vimbai Makwaeva','b1000000-0001-0000-0000-000000000007',NULL,'ACTIVE',NULL,NULL),
  ('c1000001-0000-0000-0000-000000000017','UNASSIGNED - KF-R7','b1000000-0001-0000-0000-000000000007',NULL,'ACTIVE','Anonymous payment recorded, identity unknown','ANONYMOUS_PLACEHOLDER'),
  -- Room 8 (3 beds: Fadzaishe, Faith, Chiedza)
  ('c1000001-0000-0000-0000-000000000018','Fadzaishe Purazeni','b1000000-0001-0000-0000-000000000008',NULL,'ACTIVE',NULL,NULL),
  ('c1000001-0000-0000-0000-000000000019','Faith Mukakose','b1000000-0001-0000-0000-000000000008',NULL,'ACTIVE',NULL,NULL),
  ('c1000001-0000-0000-0000-000000000020','Chiedza Chari','b1000000-0001-0000-0000-000000000008',NULL,'ACTIVE',NULL,NULL),
  -- Room 9
  ('c1000001-0000-0000-0000-000000000021','Ashley Hosvori','b1000000-0001-0000-0000-000000000009',NULL,'ACTIVE',NULL,NULL),
  ('c1000001-0000-0000-0000-000000000022','Priscilla Maposa','b1000000-0001-0000-0000-000000000009',NULL,'ACTIVE',NULL,NULL),
  ('c1000001-0000-0000-0000-000000000023','Onenhlanha Nyathi','b1000000-0001-0000-0000-000000000009',NULL,'ACTIVE','Paid $106 not $110','PARTIAL_UNDERPAYMENT'),
  ('c1000001-0000-0000-0000-000000000024','Tariro Mufusire','b1000000-0001-0000-0000-000000000009',NULL,'ACTIVE',NULL,NULL),
  -- Room 10 (Thandiwe corrected spelling)
  ('c1000001-0000-0000-0000-000000000025','Shalom Phiri','b1000000-0001-0000-0000-000000000010',NULL,'ACTIVE',NULL,NULL),
  ('c1000001-0000-0000-0000-000000000026','UNASSIGNED - KF-R10','b1000000-0001-0000-0000-000000000010',NULL,'ACTIVE','Anonymous $110 payment','ANONYMOUS_PLACEHOLDER'),
  ('c1000001-0000-0000-0000-000000000027','Thandiwe Sibanda','b1000000-0001-0000-0000-000000000010',NULL,'ACTIVE',NULL,NULL),
  ('c1000001-0000-0000-0000-000000000028','Thandeka Gumbo','b1000000-0001-0000-0000-000000000010',NULL,'ACTIVE',NULL,NULL),
  -- Room 11 (1 bed, 1 student)
  ('c1000001-0000-0000-0000-000000000029','Tanatswa Shambare','b1000000-0001-0000-0000-000000000011',NULL,'ACTIVE',NULL,NULL),
  -- Room 12 (3 beds, 3 students including unassigned)
  ('c1000001-0000-0000-0000-000000000030','Shalome Shumbaimwe','b1000000-0001-0000-0000-000000000012',NULL,'ACTIVE',NULL,NULL),
  ('c1000001-0000-0000-0000-000000000031','Jady Jeche','b1000000-0001-0000-0000-000000000012',NULL,'ACTIVE',NULL,NULL),
  ('c1000001-0000-0000-0000-000000000032','UNASSIGNED - KF-R12','b1000000-0001-0000-0000-000000000012',NULL,'ACTIVE','Unnamed row with payment','ANONYMOUS_PLACEHOLDER'),
  -- Room 13
  ('c1000001-0000-0000-0000-000000000033','Taedza Chimurendo','b1000000-0001-0000-0000-000000000013',NULL,'ACTIVE',NULL,NULL),
  ('c1000001-0000-0000-0000-000000000034','Ropafadzo Shamhuyarira','b1000000-0001-0000-0000-000000000013',NULL,'ACTIVE',NULL,NULL),
  ('c1000001-0000-0000-0000-000000000035','Jennifer Mvududu','b1000000-0001-0000-0000-000000000013',NULL,'ACTIVE',NULL,NULL),
  -- Room 14
  ('c1000001-0000-0000-0000-000000000036','Faith Chirodzera','b1000000-0001-0000-0000-000000000014',NULL,'ACTIVE',NULL,NULL),
  ('c1000001-0000-0000-0000-000000000037','Sasha Sirika','b1000000-0001-0000-0000-000000000014',NULL,'ACTIVE',NULL,NULL),
  -- Room 15 (name updated)
  ('c1000001-0000-0000-0000-000000000038','Tarisai Matsumbu','b1000000-0001-0000-0000-000000000015',NULL,'ACTIVE','Was Tarisai Mutsumbu in Feb',NULL),
  ('c1000001-0000-0000-0000-000000000039','Joahan Kazembe','b1000000-0001-0000-0000-000000000015',NULL,'ACTIVE',NULL,NULL),
  -- Room 16
  ('c1000001-0000-0000-0000-000000000040','Tonovonga Manjoni','b1000000-0001-0000-0000-000000000016',NULL,'ACTIVE',NULL,NULL),
  ('c1000001-0000-0000-0000-000000000041','Vimbai Jinjika','b1000000-0001-0000-0000-000000000016',NULL,'ACTIVE','Replaces Tarisai Mutsumbu',NULL),
  -- Room 17
  ('c1000001-0000-0000-0000-000000000042','Mikyla Kasirowore','b1000000-0001-0000-0000-000000000017',NULL,'ACTIVE','Was Mikayla in Feb',NULL),
  ('c1000001-0000-0000-0000-000000000043','Felicity Mazhavidze','b1000000-0001-0000-0000-000000000017',NULL,'ACTIVE','Moved from Room 4',NULL),
  -- Room 18
  ('c1000001-0000-0000-0000-000000000044','Tinotenda Mambo','b1000000-0001-0000-0000-000000000018',NULL,'ACTIVE',NULL,NULL),
  ('c1000001-0000-0000-0000-000000000045','Tanya Gweru','b1000000-0001-0000-0000-000000000018',NULL,'ACTIVE',NULL,NULL),
  ('c1000001-0000-0000-0000-000000000046','Prisilla Poashayi','b1000000-0001-0000-0000-000000000018',NULL,'ACTIVE',NULL,NULL),
  ('c1000001-0000-0000-0000-000000000047','Tashley Kandoto','b1000000-0001-0000-0000-000000000018',NULL,'ACTIVE',NULL,NULL),
  ('c1000001-0000-0000-0000-000000000048','Ivne Mudakwenda','b1000000-0001-0000-0000-000000000018',NULL,'ACTIVE','Date serial 31 invalid, stored null','INVALID_DATE'),
  -- Room 19
  ('c1000001-0000-0000-0000-000000000049','Pamela Kunguva','b1000000-0001-0000-0000-000000000019',NULL,'ACTIVE',NULL,NULL),
  -- Room 20
  ('c1000001-0000-0000-0000-000000000050','Ropafadzo Mudavanhu','b1000000-0001-0000-0000-000000000020',NULL,'ACTIVE','Balance $180',NULL),
  -- Room 21
  ('c1000001-0000-0000-0000-000000000051','Khethiwe Chuma','b1000000-0001-0000-0000-000000000021',NULL,'ACTIVE',NULL,NULL);

-- ═══════════════════════════════════════════════════════════
-- THE CHASE ROOMS
-- ═══════════════════════════════════════════════════════════
INSERT INTO rooms (id, property_id, room_number, bed_capacity, rent_per_bed, notes) VALUES
  ('b1000000-0002-0000-0000-000000000001','a1000000-0000-0000-0000-000000000002','Room 1',1,260.00,NULL),
  ('b1000000-0002-0000-0000-000000000002','a1000000-0000-0000-0000-000000000002','Room 2',2,130.00,NULL),
  ('b1000000-0002-0000-0000-000000000003','a1000000-0000-0000-0000-000000000002','Room 3',3,120.00,NULL),
  ('b1000000-0002-0000-0000-000000000004','a1000000-0000-0000-0000-000000000002','Room 4',2,130.00,NULL),
  ('b1000000-0002-0000-0000-000000000005','a1000000-0000-0000-0000-000000000002','Room 5',3,120.00,NULL),
  ('b1000000-0002-0000-0000-000000000006','a1000000-0000-0000-0000-000000000002','Room 6',4,100.00,NULL),
  ('b1000000-0002-0000-0000-000000000007','a1000000-0000-0000-0000-000000000002','Room 7',2,130.00,NULL),
  ('b1000000-0002-0000-0000-000000000008','a1000000-0000-0000-0000-000000000002','Room 8',2,130.00,NULL),
  ('b1000000-0002-0000-0000-000000000009','a1000000-0000-0000-0000-000000000002','Room 9',2,130.00,NULL),
  ('b1000000-0002-0000-0000-000000000010','a1000000-0000-0000-0000-000000000002','Room 10',2,130.00,NULL),
  ('b1000000-0002-0000-0000-000000000011','a1000000-0000-0000-0000-000000000002','Room 11',3,120.00,NULL),
  ('b1000000-0002-0000-0000-000000000012','a1000000-0000-0000-0000-000000000002','Room 12',3,120.00,NULL),
  ('b1000000-0002-0000-0000-000000000013','a1000000-0000-0000-0000-000000000002','Room 13',1,150.00,NULL);

-- ── THE CHASE STUDENTS ──
INSERT INTO students (id, full_name, room_id, check_in_date, status, notes, data_flags) VALUES
  ('c1000002-0000-0000-0000-000000000001','Mr Matenhese','b1000000-0002-0000-0000-000000000001',NULL,'ACTIVE',NULL,NULL),
  ('c1000002-0000-0000-0000-000000000002','Elizabeth Moyo','b1000000-0002-0000-0000-000000000002',NULL,'ACTIVE',NULL,NULL),
  ('c1000002-0000-0000-0000-000000000003','Laraine Chanakira','b1000000-0002-0000-0000-000000000002',NULL,'ACTIVE',NULL,NULL),
  ('c1000002-0000-0000-0000-000000000004','Tsitsi Tembo','b1000000-0002-0000-0000-000000000003',NULL,'ACTIVE','Replaces Lisa Chimungwe from Feb',NULL),
  ('c1000002-0000-0000-0000-000000000005','Rutendo Hlabati','b1000000-0002-0000-0000-000000000003',NULL,'ACTIVE',NULL,NULL),
  ('c1000002-0000-0000-0000-000000000006','Rudo Chakwanda','b1000000-0002-0000-0000-000000000003',NULL,'ACTIVE',NULL,NULL),
  ('c1000002-0000-0000-0000-000000000007','Natasha Choto','b1000000-0002-0000-0000-000000000004',NULL,'ACTIVE',NULL,NULL),
  ('c1000002-0000-0000-0000-000000000008','Chiedza Meki','b1000000-0002-0000-0000-000000000004',NULL,'ACTIVE',NULL,NULL),
  ('c1000002-0000-0000-0000-000000000009','Rufaro B','b1000000-0002-0000-0000-000000000005',NULL,'ACTIVE',NULL,NULL),
  ('c1000002-0000-0000-0000-000000000010','Kamuelo Mlea','b1000000-0002-0000-0000-000000000005',NULL,'ACTIVE',NULL,NULL),
  ('c1000002-0000-0000-0000-000000000011','Talent Shuro','b1000000-0002-0000-0000-000000000005',NULL,'ACTIVE',NULL,NULL),
  ('c1000002-0000-0000-0000-000000000012','Courage Ncube','b1000000-0002-0000-0000-000000000006',NULL,'ACTIVE','New student',NULL),
  ('c1000002-0000-0000-0000-000000000013','Melisa Muradzikwa','b1000000-0002-0000-0000-000000000006',NULL,'ACTIVE',NULL,NULL),
  ('c1000002-0000-0000-0000-000000000014','Given Chayamiti','b1000000-0002-0000-0000-000000000006',NULL,'ACTIVE',NULL,NULL),
  ('c1000002-0000-0000-0000-000000000015','Ruvarashe Ncube','b1000000-0002-0000-0000-000000000006',NULL,'ACTIVE',NULL,NULL),
  ('c1000002-0000-0000-0000-000000000016','Olyn Chigwanda','b1000000-0002-0000-0000-000000000007',NULL,'ACTIVE',NULL,NULL),
  ('c1000002-0000-0000-0000-000000000017','Charity Masoha','b1000000-0002-0000-0000-000000000007',NULL,'ACTIVE',NULL,NULL),
  ('c1000002-0000-0000-0000-000000000018','Nicole Chikondowa','b1000000-0002-0000-0000-000000000008',NULL,'ACTIVE',NULL,NULL),
  ('c1000002-0000-0000-0000-000000000019','Trinda Sibanda','b1000000-0002-0000-0000-000000000008',NULL,'ACTIVE',NULL,NULL),
  ('c1000002-0000-0000-0000-000000000020','Ayan Manjonjori','b1000000-0002-0000-0000-000000000009',NULL,'ACTIVE',NULL,NULL),
  ('c1000002-0000-0000-0000-000000000021','Amanda Madawo','b1000000-0002-0000-0000-000000000009',NULL,'ACTIVE',NULL,NULL),
  ('c1000002-0000-0000-0000-000000000022','Sharmaine Rovha','b1000000-0002-0000-0000-000000000010',NULL,'ACTIVE',NULL,NULL),
  ('c1000002-0000-0000-0000-000000000023','Reason Mlanga','b1000000-0002-0000-0000-000000000010',NULL,'ACTIVE',NULL,NULL),
  ('c1000002-0000-0000-0000-000000000024','Fikile Knomo','b1000000-0002-0000-0000-000000000011',NULL,'ACTIVE','New student',NULL),
  ('c1000002-0000-0000-0000-000000000025','Bianca Harutizwi','b1000000-0002-0000-0000-000000000011',NULL,'ACTIVE',NULL,NULL),
  ('c1000002-0000-0000-0000-000000000026','Thando Phiri','b1000000-0002-0000-0000-000000000011',NULL,'ACTIVE',NULL,NULL),
  ('c1000002-0000-0000-0000-000000000027','Natalie Kamba','b1000000-0002-0000-0000-000000000012',NULL,'ACTIVE',NULL,NULL),
  ('c1000002-0000-0000-0000-000000000028','Leona Zhuwawo','b1000000-0002-0000-0000-000000000012',NULL,'ACTIVE',NULL,NULL),
  ('c1000002-0000-0000-0000-000000000029','Natasha Jomo','b1000000-0002-0000-0000-000000000012',NULL,'ACTIVE',NULL,NULL),
  ('c1000002-0000-0000-0000-000000000030','Yehudith Kadzutu','b1000000-0002-0000-0000-000000000013',NULL,'ACTIVE',NULL,NULL);
